id,user_followers_count,user_followed_count,number_tweets,Profile
ChrisEvans,14793668,712,0,Artist
BBCNews,12256306,93,0,Media organization
piersmorgan,7971524,1848,0,Journalist
GaryLineker,7916204,1178,0,Deportist
SkyNews,7105643,27,0,Media organization
SkyNewsBreak,4785524,3,0,Media organization
guardiannews,3530443,1235,0,Media organization
BorisJohnson,3462369,457,0,Politician
Channel4News,2454954,4468,0,Media organization
Keir_Starmer,1109502,413,0,Politician
mrjamesob,789142,3341,0,Journalist
UniofOxford,731928,1355,0,University/School
DavidLammy,719593,4953,0,Politician
carolecadwalla,587778,4653,0,Journalist
davidschneider,512757,1612,0,Artist
LBC,474036,2085,0,Media organization
jessphillips,413917,3235,0,Politician
AndyBurnhamGM,410891,2573,0,Politician
BBCBreakfast,408333,249,0,Media organization
tes,344582,1202,0,Media organization
Femi_Sorry,303942,1891,0,Politician
GuardianEdu,292255,128,0,Media organization
JolyonMaugham,281871,1887,0,Professor/Researcher
AngelaRayner,275081,4544,0,Politician
MichaelRosenYes,238534,2944,0,Writer
PeterStefanovi2,229215,8586,0,Journalist
lewis_goodall,217735,4496,0,Journalist
PhilipPullman,193793,764,0,Writer
OpenUniversity,165868,419,0,University/School
toryboypierce,155153,682,0,Journalist
vicderbyshire,149669,1797,0,Journalist
Andrew_Adonis,148534,638,0,Politician
BBCWalesNews,134414,776,0,Media organization
grantshapps,125418,7378,0,Politician
spikedonline,117657,377,0,Media organization
LSEnews,108819,1322,0,Media organization
TheCanaryUK,103505,486,0,Media organization
GavinWilliamson,98812,535,0,Politician
hendopolis,95497,7531,0,Journalist
leicesterliz,94267,1695,0,Politician
ShelaghFogarty,91789,5801,0,Media organization
davemacladd,85931,60205,0,Deportist
wesstreeting,74219,9511,0,Politician
growthmindset1,65224,329,1,Professor/Researcher
fascinatorfun,60076,6805,0,Activist
williamnhutton,59957,196,0,Professor/Researcher
UniKent,52521,976,0,University/School
uniofleicester,52224,3674,0,University/School
Debbie_abrahams,52061,6442,0,Politician
ClaudiaWebbe,45962,9277,0,Politician
ofqual,44831,521,0,Public office
educationgovuk,44520,1617,0,Public office
AlisonMPeacock,41775,9622,0,Professor/Researcher
Madz_Grant,37869,2124,0,Politician
ProfTimBale,36576,3052,0,Professor/Researcher
StrongerStabler,34461,20345,0,Media organization
JamesEFoster,33616,1760,0,Activist
CorbynSnap,33295,28123,0,Humor account
WarmongerHodges,31997,3463,0,Activist
DrJoGrady,30354,4206,0,Union Leader
NikkiKF,28152,9899,0,Professor/Researcher
eduosborne,26508,21482,2,Professor/Researcher
justinmadders,26167,974,0,Politician
travisalabanza,25868,1096,0,Artist
rowlsmanthorpe,22133,1976,0,Journalist
Siobhain_Mc,20425,3348,0,Politician
ThinkingNothin,20144,10544,1,Other
S_Hammond,19556,1259,0,Politician
Rozkez67,18587,14681,0,Activist
NorwichChloe,18184,382,0,Politician
SarahOwen_,18047,7454,0,Politician
cirian75,15030,11762,0,Activist
CUH_NHS,14645,448,1,University/School
Socialist_party,14329,480,0,Political Party
Emma_Turner75,13710,10086,1,Professor/Researcher
Vemsteroo,13570,1593,0,Activist
USSU,12300,4021,0,Union Leader
jackieschneider,12135,4682,1,Politician
julianknight15,11931,758,0,Politician
SaveTheStudent,11539,1091,0,Activist
ElRaynerista,11532,10630,0,Other
DavidHeadViews,11413,10818,0,Professor/Researcher
maelhmatthews,11264,10591,0,Artist
paddydocherty,10717,776,0,Professor/Researcher
JimBethell,10622,661,0,Politician
JerryHicksUnite,10287,5543,0,Politician
CarolineVoaden,9845,1951,0,Politician
callummay,9523,3605,0,Journalist
SimonPease1,9497,6119,0,Activist
affleckquine,9321,6205,0,Activist
WelshLibDems,9271,2422,0,Activist
MidWalesMike,9182,570,0,Activist
WinterfellT,8641,5042,0,Other
RicHolden,8040,1839,0,Politician
shane_oleary,7650,8427,1,Other
MichaelSadgrove,7587,1944,1,Other
majanovelist,7219,6435,1,Writer
CalmHolmes,7095,2932,0,Other
ChristineJameis,6983,7675,8,Other
TimMorton2,6868,3453,1,Activist
HelpfulOlive,6698,2114,1,Other
SomervilleOx,6390,772,0,University/School
helmut_herberth,6321,6790,1,Other
Tamsin_J_Ford,6305,699,1,Professor/Researcher
EngineEarz,6267,2897,1,Artist
FUCKOFFEE215,6221,1918,0,Other
alexbellars,6066,6675,0,Professor/Researcher
andyfalconer,5658,449,0,Other
gturner1969,5657,6099,0,Other
MarxMedia,5608,5013,0,Journalist
localnotail,5365,942,1,Other
OrielOxford,5319,674,0,University/School
NE_Bylines,5295,4667,0,Media organization
GrationHarry,5271,189,0,Journalist
DrS_Reynolds,5168,2581,0,Professor/Researcher
RufusTFirefly61,5116,4796,1,Politician
DNewtonC,5074,5575,3,Other
NickDayPA,4943,2725,0,Journalist
AaronBell4NUL,4734,1875,0,Politician
jrex62,4560,4971,1,Activist
davie5456,4416,4870,1,Other
MidCheshireNHS,4362,273,0,Other
richardmills18,4329,2963,2,Professor/Researcher
curiocat13,4320,4856,1,Other
jly1960,4203,4754,1,Other
AnitaCTHF,4104,1049,0,Professor/Researcher
NoCake4Brexit,3922,4983,1,Activist
vjl2,3845,4976,1,Other
john_stephens67,3688,1017,1,Politician
Chasmanthium,3485,162,1,Other
JohnSteed160672,3479,5004,4,Other
ajjolley,3377,2482,0,Other
_abiolax,3372,393,2,Other
thedefenderuk,3363,4487,1,Other
Mirkasher31,3315,4995,1,Other
discreetsecure,3248,2855,1,Other
presvila,3161,2050,0,Other
wayward24,3157,4999,0,Other
CrosbieLiz,3147,5000,1,Other
antoniafrances,3139,3566,1,Other
Maria264506501,3056,3317,1,Other
TAntifascista,2925,4844,1,Other
petermccue1,2888,2670,1,Other
bycChair,2848,1499,1,Other
DrCarolPercy,2745,4587,1,Professor/Researcher
elizabethf100,2709,2072,1,Other
WorcCollegeOx,2594,572,0,University/School
UnpuzzFinance,2554,1837,1,Other
barbara91240545,2543,3294,1,Other
Disabled_Carer,2407,2392,3,Other
caroline1302,2384,3724,2,Other
doctorblooz,2357,1073,1,ONG
StainlessSRat,2354,4960,1,Other
johnschwab,2326,1131,0,Artist
lclabour,2304,4060,1,Activist
Ali_8k,2200,4174,2,Other
Kitkat74685217,2153,2545,1,Other
JackStaff12,1976,2118,1,Other
domfirlit,1972,306,1,Other
plewiscantlose,1950,1782,1,Other
NSCarers,1934,2449,0,ONG
piyakhanna,1931,2994,1,Other
Mrs_FlangeE,1917,1809,1,Other
laylapup,1911,1579,1,Other
andycarmich,1892,801,1,Other
G4LMATT,1882,1210,3,Other
politicsastar,1876,1448,3,Other
AnnieBannister,1859,1543,1,Other
malinimehra,1793,2226,1,Activist
BilalE74,1789,1645,0,Other
clarky2006,1727,4654,1,Other
SDinPraxis,1715,5002,1,Other
keepsayingit1,1706,1157,1,Other
sev_kudu,1696,176,1,Other
LisatheSimpson,1684,1723,1,Other
MAEgofrance,1634,1273,1,Other
Greg_Dryer,1602,1102,1,Other
DebiAllen,1591,1680,1,Other
jenben71,1559,2084,1,Other
MrsMcBHistory,1535,656,0,Professor/Researcher
celticchickadee,1491,2593,7,Other
garfage,1476,1687,1,Journalist
nehaalfhb,1470,2487,1,Other
graceholliday,1457,1576,1,Other
Ras63H,1454,1852,1,Other
_ashixo,1446,484,1,Other
capitalism_cure,1440,1473,1,Other
kwerkyknits,1428,2440,0,Other
RosAsquith,1419,485,1,Artist
sophyh_,1406,1202,1,Other
noacfloz,1393,1342,1,Other
morescribbles,1392,1413,1,Other
CullinaneCarl,1352,791,0,Other
rpmwebs,1340,1310,1,Other
Specktator100,1331,1475,0,Journalist
krsegal,1325,1523,1,Other
Paul_Stocks_IFA,1319,1506,1,Other
SusanSt51,1313,1452,1,Other
WomenEd_Aus,1299,603,1,Other
BurnBanksy,1297,1519,1,Other
ithinkzacknows,1296,2177,1,Other
jmb1256,1264,1856,2,Other
ProUdin2016,1238,417,1,Other
KerryLeeCrabbe,1232,1331,1,Other
IanSpindley,1230,1571,1,Other
twittwootwiggy,1224,473,1,Other
scorpiotiger77,1181,5001,4,Other
thehysteriaco,1154,640,0,Other
dorsetlad,1148,952,1,Other
_meganbradbury,1137,1258,1,Other
parisjewell2,1134,1431,1,Other
georgia24se7en,1120,778,1,Other
LookingGlassD,1078,1237,1,Other
TickPritch,1078,1032,1,Other
eleanor_kirby_,1070,951,1,Other
katyraines,1069,152,0,Other
hftaman,1058,1046,1,Other
jodietbeck,1046,750,0,Other
daveshep1,1044,1136,2,Other
AngryNotTory,1030,1489,1,Other
peterel74038008,1020,2316,1,Other
DebbieQuick9,1017,1414,1,Other
EleanorBigby,1014,2250,1,Other
AliMoirioMilA,986,2665,1,Other
bestepekoleji,966,2,1,Other
DrAlister,959,934,0,Professor/Researcher
coco_delle,952,993,1,Other
hillarygyebi,950,658,2,Other
AlexandraGazi,922,441,0,Other
hypersonicfenty,899,630,1,Other
tayfxx,894,1102,1,Other
Amscreen_Steve,884,852,1,Other
MusicSnobb,884,1373,1,Other
RobMcInnes,873,1239,1,Other
TheMisbourne,873,179,0,University/School
ArzooAhmed,831,1197,1,Other
cwagstaff,824,1179,1,Other
DianaPowves,807,2024,3,Other
DrNicholasPGeo1,802,1474,0,Activist
JnthnMorse,799,2720,1,Other
TymVirginia,797,1945,2,Other
beth_paiige,795,406,1,Other
Miss_NRoberts,786,241,0,Professor/Researcher
ItsDresWay,784,980,1,Other
DonWurkin,771,1942,1,Other
kimichaddahx,759,179,0,Other
cazjd1,743,1964,1,Other
ELEAN0RDAISY,733,667,1,Other
ValeriePezeron,723,1490,1,Other
DrSelvarajah,713,517,1,Other
ZulaikhaIqbal1,705,140,1,Other
isi_j_ukpo,704,551,1,Other
alan2907,692,1496,1,Other
dclovesgp,683,712,1,Other
Green_Cycles,633,4978,1,Other
smiffquiff1,625,1231,0,Other
Diamondzgirl,610,721,1,Other
domcoop7,598,1829,0,Other
simonedens,551,671,1,Other
2yews,539,805,1,Other
renee_thaxter,535,308,0,Other
mathswithin10,533,583,1,Other
michael33495998,523,153,1,Other
TashHarpley,512,165,1,Other
LisaForey,502,425,1,Other
ROBANDTHEMOB,501,1626,1,Other
garethdjevans,497,2597,0,Professor/Researcher
amars_innit,495,918,0,Other
florelst,485,468,0,Other
CPatrickPlay,473,532,1,Other
dnky27,472,3326,1,Other
JustJulz8,459,2191,1,Other
SFlinn67,457,725,1,Other
notatoryteacher,452,915,1,Other
AntonWeye,449,422,1,Other
sarahowens0,444,661,1,Other
timjsimmons,428,716,1,Other
jpfuller74,425,518,0,Other
green_woman1,421,787,6,Other
Ustad_Gamedle,421,163,1,Other
crispyhalloumi,417,126,0,Other
FrancoiseGoral,417,300,1,Other
Rami_London,413,1178,1,Other
davinajxyne,406,369,1,Other
22angelaharris1,401,843,1,Other
clarissa_118,396,244,1,Other
croftyemm,391,1111,2,Other
tneal321,387,460,1,Other
Dutts4,378,1784,1,Other
pancakeson,378,281,1,Other
vcxehex,375,358,1,Other
angelabounds131,368,1563,1,Other
shotbylucynorth,365,1043,0,Other
zarahnshit,350,217,1,Other
SimplyAYT_,348,308,1,Other
oliviajjayne,343,111,2,Other
sarah_tlynch,343,1793,3,Other
itsamyturnbull,343,336,0,Other
Aaron_Lee_Twitr,342,1607,1,Other
BOBTAYL01081689,335,521,1,Other
katebxsh,334,333,1,Other
NickyHields,322,855,1,Other
SibbyMcC,321,1016,1,Other
SilvergnomeNo1,316,560,1,Other
_miaseale,314,419,0,Other
aidantaylor02,310,424,2,Other
Vee_raee,306,142,1,Other
duplojo,278,465,1,Other
lonparent_forum,272,155,1,Other
brightonatheart,271,1195,1,Other
travelmad75,271,407,1,Other
andrew_madaras,270,1251,1,Other
sumiyya_iqbal,268,372,1,Other
aledprysw,266,312,1,Other
ollie_a23,263,234,0,Other
alisonwonder2,262,586,1,Other
seanosullivan,262,337,1,Other
stebuckley,256,804,1,Other
BingoNanni,235,1015,1,Other
cktweeet,235,1379,1,Other
TurraloonNS,233,167,1,Other
AurelieElentiya,232,258,1,Other
rayraytee88,231,500,1,Other
oneillb71,225,498,1,Other
helenmcguffog,220,1326,1,Other
clynt1962,219,242,1,Other
judith27128602,218,101,1,Other
Cytokineeight,211,677,1,Other
OlazOmosco,210,512,4,Other
BarrieCurtis11,208,1099,1,Other
Tabunny,208,282,1,Other
nickpchurch,206,587,0,Other
kookiesflowers_,204,321,1,Other
therealkaz01,204,662,2,Other
krisiuzunova,196,273,1,Other
JenLou102,195,529,1,Other
FerreroR0ch,194,358,1,Other
SamBPhilbrick,194,424,1,Other
aileenwilson_,190,294,1,Other
nickyjmad,189,618,1,Other
ssaluaa,189,109,1,Other
elliscli_,183,164,1,Other
RajbinderB,180,48,1,Other
_amy_smith,178,484,1,Other
SHusin13,175,213,1,Other
RhubarbVaselino,171,1559,1,Other
reducedinsayles,168,521,1,Other
Lornaaw,165,313,1,Other
buteramattell,161,366,1,Other
Tamjag_uk,158,92,1,Other
wrinkledbadger,156,190,1,Other
GeorgeBell0561,155,487,1,Other
IMMORTALHAZARD2,153,400,1,Other
umeyorheardofme,153,103,1,Other
AmyLouuSmith,152,478,1,Other
_jjaym,147,123,1,Other
JenniferPinnie,143,404,1,Other
LisaJJ3,140,200,1,Other
beverleyanneste,138,293,1,Other
talprofs,138,466,1,Other
Rohan___11,138,248,0,Other
Mess68G,132,234,1,Other
phoebe612,132,338,1,Other
JaneOdriscoll7,128,372,1,Other
Bodderings,123,439,6,Other
NasWasTaken,123,117,1,Other
Nile___05,123,195,1,Other
TiaM73,123,264,1,Other
TonyPeake9,122,511,1,Other
hideywolsh,120,155,1,Other
GeorgiaMellon,119,187,1,Other
Dazza09,112,988,1,Other
Ifindoubtaskrod,112,265,1,Other
AroCerys,105,223,1,Other
Tasseltine,103,734,1,Other
Frances43689224,102,289,1,Other
aliiii_haider,101,277,1,Other
IffyK2002,100,313,1,Other
satanicmerwitch,98,357,1,Other
AliMFreeh,94,79,1,Other
Haid3rRizvi,94,229,1,Other
asmanotasthmma,91,83,1,Other
JessDuxbury1,91,254,2,Other
_ChrisDotMe,89,161,1,Other
BurdenedBraCup,89,694,1,Other
Foxrunners,88,192,1,Other
svendiggler,87,979,0,Other
Monzonite,86,72,1,Other
Tommywhale1,81,280,1,Other
JamieIdeas,81,157,0,Other
JPMoore27,80,101,1,Other
Flahute66,79,290,1,Other
wasT_G,79,152,1,Other
ClaraDougsie,78,73,1,Other
_PaulWainwright,75,1358,1,Other
mcain_marcus,74,654,1,Other
kevinthwaites,71,831,1,Other
siobhan_broad,71,304,1,Other
laylahigham1,69,186,1,Other
lemon_and_grass,66,315,2,Other
robbcorin,66,27,1,Other
sandraoconnell,66,338,1,Other
AndIlkley,64,76,1,Other
jermgray,63,123,1,Other
GlynWashington1,61,192,1,Other
mccarthydai,59,404,1,Other
mybluekite,59,354,1,Other
2020resultss,57,2,0,Other
chomping45002,57,521,1,Other
OfficialDChalla,57,67,1,Other
razzacha,56,160,2,Other
EthanJakle,52,905,1,Other
josephbassary,51,448,2,Other
markdurno,51,303,1,Other
LTrPTLM____,50,144,1,Other
FischmanGuy,50,27,0,Other
cansc,47,710,1,Other
HuckinMr,47,178,1,Other
meganbsutcliffe,47,556,1,Other
Zed1984Ray,47,411,1,Other
Shirley325000,46,316,1,Other
brookeevelyn17,43,363,1,Other
simrandeepkhj,43,58,1,Other
TatendaMapfaira,42,360,1,Other
Ohloophemmy,40,340,1,Other
chris_leinster,39,257,1,Other
SloTaylor,39,274,1,Other
AmberxWoods,36,421,1,Other
DavidWill_UK,34,176,1,Other
JRoberts2980,34,176,1,Other
libfirmstone,34,304,0,Other
billhummertrout,33,101,0,Other
AkramMwanga,32,92,1,Other
salzo_zx,32,281,1,Other
PrincessPowPow_,31,23,1,Other
MJD273,27,49,1,Other
SuzanneEvans96,27,346,1,Other
angier68_angela,27,162,0,Other
djopa9,26,42,1,Other
aneraser,25,180,1,Other
meena_jazz,25,68,1,Other
uday19438829,25,98,1,Other
iainbharper,24,126,1,Other
nlockwood1000,24,172,1,Other
AnnoyedStudent2,24,27,0,Other
ellamaythomas,23,27,1,Other
kIopptimistic,22,35,0,Other
Lilygharper,22,35,1,Other
WeaselRocking,20,33,1,Other
clairereeves83,19,51,1,Other
_CiaraHiggins,17,182,1,Other
helen_alty,17,43,1,Other
Nafiisaa3,17,53,1,Other
Ruben_R_De_Leon,17,131,1,Other
Annie08240822,16,14,1,Other
Rabz0509,15,97,1,Other
sxjxg,14,186,1,Other
fiefie_124,13,105,1,Other
BaddeleyJan,12,306,1,Other
ShaylenDutt,11,10,1,Other
EvelynCorney,9,48,0,Other
Pause2P,7,30,1,Other
RachaelRoyce,7,52,1,Other
JessGou81491674,6,35,2,Other
Kelly54593802,5,16,2,Other
RyanJoshuaCole2,5,44,1,Other
Weaskwhypodcast,5,54,1,Other
ciaraaaaaaaa12,4,68,1,Other
HoingClaire,4,23,0,Other
LeanneWP,4,13,2,Other
litstudent2,4,2,1,Other
ShirleyAnnesm,4,26,1,Other
snoopsleuth,4,77,0,Other
Alyson28002759,2,4,2,Other
padraigous,2,15,3,Other
RobMcMillan19,2,31,1,Other
PFloppe,1,107,1,Other
elishaleann87,0,0,0,Other
geeceevee,0,0,1,Other
Gregory51611485,0,0,1,Other
MichaeINUFC,0,0,1,Other
shes_saturn,0,0,0,Other
SNPsoosie,0,0,1,Other
thetenniswriter,0,0,1,Other
Jasonmansford,0,0,0,Other
JosephYA155,0,0,0,Other
TracymOshea,0,0,0,Other
